"NAME","RISK","DESCRIPTION","LONGITUDE","LATITUDE","ID"
"Pisang","high","Rockfall into Marshyangdi River immediately upstream of previously identified landslide-dammed lake near Lower Pisang.",84.134,28.635,1
"Lower Pisang","high","A large (~200 m wide x 190 m) landslide that occurred between Apr 27 and May 2 has partially dammed the Marsyangdi River, resulting in a lake to become impounded upstream. Approximately 400 m upstream of the landslide is a second, smaller landslide (~85 x 55 m) that occurred earlier (present on Apr 27 image) and constricted the river, resulting in another lake. These two lakes  now form a single lake, more than 500 m long and ~50 m wide. A channel is draining the lake at its southernmost end but cannot evacuate water as quickly as it is being added.",84.135,28.625,2
"Humde","low","Small (85-m long) south-facing section of bank collapsed/slumped into river. Does not appear to have blocked the channel, only constricted it, causing rapids to form. This is immediately upstream of Humde airport, which is on the south bank.",84.08,28.645,3
"Humde","low","Small (60-m long) west-facing section of bank collapsed/slumped into river. Does not appear to have blocked the channel, only constricted it, causing rapids to form.",84.094,28.642,4
"Humde","low","Small (60-m long) west-facing section of bank collapsed/slumped into river. Appears to have initially dammed river, or at least reduced discharge substantially. Water has ponded upstream, but an outlet has been incised since. Pre-slide river width here 11-15m. Post-slide width ~3m at narrowest.",84.095,28.641,5
"Humde","low","Small (80-m long) north-facing section of bank collapsed/slumped into river. Appears to not have dammed river, but reduced discharge. Water has ponded upstream.",84.101,28.638,6
"Lower Pisang","low","Small debris slide (likely) slope failure towards west into river, measuring approx. 83m long (from top of failure) to toe, and 55m wide (at widest). Since image was acquired, river has cut ~3m-wide channel through, rendering hazard low. Small rapids visible in WV2 image downstream of breached dam, likely due to lower discharge and increased sediment load.",84.101,28.628,7
"Brantang (Bhratang)","low","Channelized flow (either debris flow or snow avalanche, or even both sequentially) that appears to have come down in several pulses, blocking the river on at least one occasion. River seems to have tunneled through the deposit. Bedrock scar upvalley might have contributed material.",84.188,28.576,8
"Landslide","low","East facing slope has failed and partially blocked the river due to which river channel has been constricted.",85.72,27.568,9
"Landslide","low","Small slide along the left side of the river partially blocking the flow.",84.133,28.628,10
"Prok","high","small landslide on a tributary (unnamed?) of the Budhi Gandhaki. lake has formed upstream of Ghapsya and Ghap.",84.793,28.559,11
"Domen","low","Small flow through active or former debris flow areas",85.3647,28.1543,12
"Rimche","low","Small flow through active or former debris flow areas",85.4126,28.1591,13
"Gumnachowk","low","Small slide on other (uninhabited) side of the river.",85.4389,28.1698,14
"Ghoda Tabela","low","Small slide that has reached river, but no blockage.",85.4488,28.1944,15
"Ghoda Tabela","low","Landslide right at the village. No river blockage.",85.453,28.1989,16
"Chyamki","low","Landslide of 400 m in width, just reached Langtang River, no blockage.",85.4829,28.2142,17
"Langtang village","low","Large landlide (1.5 km in width) that have swept out almost the entire village of langtang, gumba as well as other buildings in the area. Large number of casualties reported. Has reached langtang river but it seems to have tunneled its way through, no water hazard.",85.501,28.2174,18
"Mundu","low","debris flow through large gully",85.516,28.2191,19
"Mundu/Sindum","low","debris flow through large debris fan that seems to have reached just up to the border of the two villages",85.524,28.218,20
"Numthang","low","Small slides and debris flows high up the uninhabited part of Langtang valley",85.6017,28.1983,21
"Numthang","low","Small slides and debris flows high up the uninhabited part of Langtang valley",85.6245,28.2008,22
"Numthang","low","Small slides and debris flows high up the uninhabited part of Langtang valley",85.635,28.2027,23
"Chakhu (downstream); Bhotekosi (river)","med","Large landslide, could affect infrastructure downstream",85.92,27.912,24
"Chhimti (near event)","med","Agriculture below",85.637,27.985,25
"Chhimti (near event)","med","Possibly blocked or destroyed road",85.632,27.987,26
"Chhimti (near event)","med","Possibly blocked or destroyed road",85.632,27.992,27
"Chhimti (near event)","med","Permhaps some agriculture below..",85.643,27.992,28
"Chhimti (near event)","high","Some uncertainty. Appears to be a landslide and dam bseid a village!",85.651,27.992,29
"Chhimti (near event)","med","Possibly blocked or destroyed road",85.628,27.993,30
"Chhimti (near event)","med","Possibly blocked or destroyed road",85.626,27.995,31
"Chhimti (near event)","low","Footpath possible damaged/destroyed",85.608,28.004,32
"Chhimti (downstream)","low","Could reactivate and dam river",85.642,28.023,33
"Chhimti (downstream)","low","Small landslide, no dam",85.643,28.026,34
"Tama Koshi (river)","med","Small lake forming from landslide-dam",86.183,28.026,35
"Chhimti (downstream)","low","Small landslide, no dam",85.64,28.041,36
"Chhimti (downstream)","low","Small landslide, no dam",85.65,28.052,37
"Chhimti (downstream)","low","Small landslide, no dam",85.656,28.058,38
"Syafru Besi (at event); Trishuli river","med","Possible road blockage/destruction",85.341,28.174,39
"Syafru Besi (downstream); Trishuli river","low","Small remote landslide, no dam",85.351,28.19,40
"Sertung (opposite in valley); Borong (downstream); unknown (tributary to Gandaki River)","low","Cloudy, can't see landslide front",85.1,28.194,41
"Lapubesi (downstream); Buri Gandaki river","low","Remote landslide, no dam",84.872,28.195,42
"Syafru Besi (downstream); Trishuli river","low","Small remote landslide, no dam",85.348,28.196,43
"Lapubesi (downstream); Buri Gandaki river","low","Landslide, no dam",84.882,28.199,44
"Chilime (downstream); Bhotekoshi river","med","Reactivation of landslide terrain",85.289,28.2,45
"Syafru Besi (downstream); Trishuli river","med","Small remote landslide, may have destroyed road",85.356,28.209,46
"Syafru Besi (downstream); Trishuli river","low","Small remote landslide, no dam",85.352,28.211,47
"Chilime (downstream); Bhotekoshi river","med","Reactivation of landslide terrain",85.289,28.215,48
"Syafru Besi (downstream); Trishuli river","low","Small remote landslide, no dam",85.353,28.219,49
"Syafru Besi (downstream); Trishuli river","med","Small remote landslide, may have destroyed road",85.362,28.219,50
"Syafru Besi (downstream); Trishuli river","low","Small remote landslide, no dam",85.357,28.222,51
"Syafru Besi (downstream); Trishuli river","low","Small remote landslide, no dam",85.358,28.225,52
"Syafru Besi (downstream); Trishuli river","low","Small remote landslide, no dam",85.359,28.242,53
"Alpine event; unknown (tributary to Langtang Khola)","low","Rock avalanche on glacier",85.723,28.283,54
"Resuo border crossing (at event); unknown (tributary to the Trishuli River)","med","Porder post downstream",85.38,28.284,55
"Resuo border crossing (at event); unknown (tributary to the Trishuli River)","med","Porder post downstream",85.376,28.287,56
"Resuo border crossing (downstream from); unknwon (tributary to the Trishuli River)","med","Porder post downstream",85.383,28.289,57
"Alpine event: Tatopani (downstream); unknown (tributary to the Chilime river)","low","Rock avalanche onto slope",85.207,28.293,58
"Alpine event: Tatopani (downstream); unknown (tributary to the Chilime river)","med","Possibly an avalanche?",85.255,28.295,59
"Resuo border crossing (downstream from); unknwon (tributary to the Trishuli River)","med","Porder post downstream",85.387,28.295,60
"Seqiongcun (downstream)","med","Large landslide, could affect infrastructure downstream",85.44,28.298,61
"Seqiongcun (downstream)","low","Landslide above village..",85.448,28.298,62
"Resuo border crossing (downstream from); unknwon (tributary to the Trishuli River)","med","Porder post downstream",85.396,28.299,63
"Resuo border crossing (downstream from); unknwon (tributary to the Trishuli River)","low","Landslide, no dam",85.401,28.303,64
"Seqiongcun (upstream); Resuo border crossing (downstream from); unknwon (tributary to the Trishuli River)","low","Medium landslide, no dam",85.427,28.326,65
"Chongsecun (upstream); Resuo border crossing (downstream from); Gyirong Zangbo (river)","low","Remote small landslide",85.332,28.333,66
"Seqiongcun (at event); Resuo border crossing (downstream from); unknwon (tributary to the Trishuli River)","low","Some landslides",85.439,28.343,67
"Chongsecun (upstream); Resuo border crossing (downstream from); Gyirong Zangbo (river)","med","Possible road blockage/destruction",85.358,28.345,68
"Rangmutang (at event); Salecun (downstream); unknown (river)","low","Small reactivated landslide into river",85.448,28.359,69
"Chongsecun (at event); Resuo border crossing (downstream from); Gyirong Zangbo (river)","high","Chongsecun",85.36,28.36,70
"Alpine event (glacier); unknown (tributary to Budhi Gandaki river)","low","Possibly an avalanche?",85.038,28.364,71
"Chongsecun (downstream); Resuo border crossing (downstream from); Gyirong Zangbo (river)","low","Small landslide",85.345,28.37,72
"Chongsecun (downstream); Resuo border crossing (downstream from); Gyirong Zangbo (river)","low","Remote small landslide, no dam",85.314,28.372,73
"Chongsecun (downstream); Resuo border crossing (downstream from); Gyirong Zangbo (river)","low","Small landslide, no dam",85.336,28.375,74
"Chongsecun (at event)","low","Small landslide",85.37,28.376,75
"Alpine event (glacier); Ere (Downstream); Eraocun (downstream); unknown (tributary to Matsang Tsangpo or Sun Kosi river)","low","Rock avalanche on glacier",85.806,28.377,76
"Chongsecun (downstream); Resuo border crossing (downstream from); Gyirong Zangbo (river)","low","Small landslide in hillslope above river",85.34,28.381,77
"Chongsecun (at event)","high","Landslide into village",85.364,28.381,78
"Chongsecun (downstream); Resuo border crossing (downstream from); Gyirong Zangbo (river)","low","Small landslide, no dam",85.323,28.387,79
"Jilongzhen (at); Chongsecun (downstream); Gyirong Zangbo (river)","low","Small landslide, no dam",85.304,28.405,80
"Jilongzhen (at)","low","Could affect some paths",85.326,28.416,81
"Bangxing (at event); Chongsecun (downstream); Gyirong Zangbo (river)","low","Small slide into river, settlement across river",85.272,28.42,82
"Bangxing (at event); Chongsecun (downstream); Gyirong Zangbo (river)","high","Landslide across farms and  road",85.28,28.422,83
"Rangmutang (at event); Salecun (downstream); unknown (river)","low","200m away from small terraced agriculture",85.447,28.433,84
"Chongsecun (at event); Resuo border crossing (downstream from); Gyirong Zangbo (river)","low","Remote landslide, no dam",85.314,28.435,85
"Sima (at event); Jilongzhen (downstream); unknown (tributary to Gyirong Zangbo river)","low","Remote landslide, no dam",85.316,28.441,86
"Lokpa (downstream); Chumling (upstream); unknown (tributary to Buri Gandaki River)","low","Remote landslide, no dam",84.934,28.453,87
"Lokpa (downstream); Chumling (upstream); unknown (tributary to Buri Gandaki River)","low","Remote landslide, no dam",84.939,28.46,88
"Alpine event: Rangmutang (downstream); Baiku (downstream); unknown (river)","low","Rock avalanche on slope",85.507,28.467,89
"Lokpa (downstream); Chumling (upstream); unknown (tributary to Buri Gandaki River)","low","Remote landslide, no dam",84.932,28.469,90
"Alpine event: Rangmutang (downstream); Baiku (downstream); unknown (river)","low","Rock avalanche on slope",85.494,28.473,91
"Chokkanparo (at event)","low","Small landslides, no dam",85.036,28.486,92
"Chayukharta (near); Chumlin (downstream)","med","Hard to tell exactly, better resolution will improve.",85.013,28.514,93
"Chokkanparo (downstream); Nile and Chhule (upstream)","med","Could affect downstream community and roads",85.097,28.515,94
"Chayukharta (near); Chumlin (downstream)","med","Landslide, no pooling",85.01,28.517,95
"Alpine event: Longmu (downstream); Gyirong Zangbo (river)","low","Reactivated ck slide",85.186,28.519,96
"Chayukharta (near); Chumlin (downstream)","med","Landslide, no pooling",85.009,28.524,97
"Alpine event: Rangmutang (downstream); Salecun (downstream); unknown (river)","low","Rock avalanche that does not reach river",85.408,28.527,98
"Chayukharta (near); Chumlin (downstream)","med","Landslide, no pooling",85.019,28.528,99
"Chhule (upstream); Rachen Gompa (downstream); Siyar Khola (river)","high","Possible landslide dam, village across river.",85.092,28.534,100
"Lho (at event); Lhi (downstream); Budhi Gangatki (river)","high","Lanjam Glacier terminus Lake sloshed debris flow down to block Budhi Gandaki between Lho and Lhi villages.",84.71,28.573,101
"Birendra Taal Lake (at event); Kermo Kharka (downstream)","med","Not sure if this lake is stable..",84.625,28.595,102
"Kermo Kharka (downstream); Budhi Gangatki (river)","high","This could be a landslide dam",84.652,28.605,103
"Kermo Kharka (downstream); Budhi Gangatki (river)","med","Not sure if this is an avalanche dam",84.636,28.635,104
"Dhikur Pokhari","low","Small riverside slump from south bank of Marshyangdi River. It appears from previous imagery (incl Google Earth) that this could be a site of repeat faliures.",84.177,28.604,105
"Puranchaur","low","Small shallow landslides initiating on a trail to village of Puranchaur. Same hillslope has evidence of previous failures.",83.975,28.314,106
"Puranchaur","low","Small shallow landslides initiating on a trail to village of Puranchaur. Same hillslope has evidence of previous failures.",83.975,28.317,107
"Nar","med","Small debris dam at outlet of a debris flow (?) track is blocking a small stream. Downstream side of dam appears to have little water coming out but impounded water is (so far) minimal.",84.209,28.69,108
"Meta","low","Small debris dam at outlet of a debris flow (?) track. Does not appear to have made it all the way across stream.",84.239,28.685,109
"Bratang","low","Small rockfall onto agricultural field.",84.19,28.574,110
"Landslide","low","No description available",85.91034329,27.89738714,111
"Landslide","low","No description available",85.91951853,27.90961162,112
"Landslide","low","No description available",85.94406521,27.94125565,113
"Landslide","low","No description available",85.93555343,27.93381601,114
"Landslide","low","No description available",85.9667441,27.97913986,115
"Landslide","low","No description available",86.00959155,28.08268038,116
"Landslide","low","No description available",86.00134344,28.08059084,117
"Landslide","med","Valley blocking",85.98944546,28.12263873,118
"Landslide","low","Deposit in channel",85.97364806,28.13817483,119
"Landslide","low","Rural road",85.94091266,27.87679931,120
"Landslide","low","No description available",85.90095982,27.87924618,121
"Landslide","low","No description available",85.92403984,27.78416355,122
"Landslide","low","No description available",85.78843114,27.84093545,123
"Landslide","low","Deposit in channel",85.78240092,28.03486648,124
"Landslide","low","No description available",85.82205324,28.10439819,125
"Landslide","low","No description available",85.74660894,28.11205956,126
"Landslide","low","Deposit in channel",85.74177799,28.1141692,127
"Landslide","low","No description available",86.29324965,28.03670031,128
"Landslide","low","No description available",86.30081173,28.03642701,129
"Landslide","low","Deposit in channel",86.29506628,28.08006052,130
"Landslide","low","No description available",86.31950425,28.03773119,131
"Landslide","low","No description available",86.20881241,27.94365483,132
"Landslide","low","No description available",86.19138168,27.99833919,133
"Landslide","med","Valley blocking",86.18321035,28.02845197,134
"Landslide","low","No description available",86.16617837,28.06547467,135
"Landslide","low","Deposit in channel",86.16821881,28.05878692,136
"Landslide","low","No description available",86.16883655,28.04293328,137
"Landslide","low","Glacier Front Collapse",86.14659805,28.10575859,138
"Landslide","low","Deposit in channel",86.21053198,27.89628104,139
"Landslide","low","Deposit in channel",86.21795584,27.89003192,140
"Landslide","low","Deposit in channel",86.21990162,27.88833607,141
"Landslide","low","landslide",86.22146149,27.88606564,142
"Landslide","low","landslide",86.22023701,27.88119686,143
"Landslide","low","landslide",86.21805765,27.85067835,144
"Landslide","med","Tamakoshi HP",86.20640745,27.91837821,145
"Landslide","med","Valley blocking",86.16611026,28.09791102,146
"Landslide","low","Deposit in channel",86.16902727,28.10488065,147
"Landslide","med","Valley blocking",86.16640265,28.11946802,148
"Landslide","","https://drive.google.com/file/d/0Bx1y5g0LyFKtOVBiQXlIdjhHeDQ/view?pli=1",85.73332523,27.58070333,149
"Landslide","low","Deposit in channel",86.18762559,28.12387488,150
"Landslide","med","Tamakoshi Event",86.21797472,27.84406058,151
"Landslide","low","Deposit in channel",86.22669387,27.96904978,152
"Landslide","low","Reactivated. Deposit in channel",85.39769424,28.29863824,153
"Landslide","low","No description available",85.37585344,28.27489941,154
"Landslide","low","Valley blocking",85.33672437,28.37636171,155
"Landslide","low","Reactivted. deposit in channel.",85.37418193,28.28415918,156
"Landslide","low","No description available",85.44845487,28.35902134,157
"Landslide","low","reactivated",85.32960562,28.39260349,158
"Landslide","low","Deposit in channel",85.42783782,28.32945398,159
"Landslide","low","Deposit in channel",85.44771623,28.41311816,160
"Landslide","low","Deposit in channel",85.44481776,28.34065064,161
"Landslide","low","Deposit in channel",85.41203202,28.45940315,162
"Landslide","low","Deposit in channel",85.40800829,28.46436677,163
"Landslide","low","Deposit in channel",85.44370663,28.45253377,164
"Landslide","low","No description available",85.39979008,27.99045053,165
"Landslide","low","No description available",85.40202066,27.96377322,166
"Landslide","low","Very large rockfall debris avalanche Nyalam",85.87438224,28.12669283,167
"Landslide","low","Rockfall destroyed road",85.33164703,27.96753005,168
"Landslide","low","Debris slide. Deposit in channel",84.67165297,28.11666715,169
"Landslide","low","DebrisSlide",84.69900717,28.10759342,170
"Landslide","low","Roadside creep",85.98983546,28.20857372,171
"Landslide","low","reactivated",85.35617486,27.94052655,172
"Landslide","low","Rockfall avalanche Nyalam",85.88647155,28.14074762,173
"Landslide","low","Roadside failure",85.98271879,28.17988032,174
"Landslide","low","No description available",85.38328079,27.96313489,175
"Landslide","low","Shallow",85.38463453,27.96952486,176
"Landslide","low","Reactivation. Rotational reactivation?",84.69143378,28.10527909,177
"Landslide","low","No description available",84.69688845,28.10379751,178
"Landslide","low","No description available",85.35813395,27.94040496,179
"Landslide","low","No description available",85.35902111,27.94132104,180
"Landslide","low","Debris avalanches Nyalam",85.89111378,28.17468655,181
"Landslide","low","No description available",85.30730487,27.96984642,182
"Landslide","low","Deposit in channel",84.66727088,28.11488506,183
"Landslide","low","No description available",85.39607629,27.92071839,184
"Landslide","low","Possibly reactivated",85.37236371,27.92327456,185
"Landslide","low","Cut slope failures",85.97900179,28.13154563,186
"Landslide","low","reactivated",85.3610669,27.94400767,187
"Landslide","low","No description available",85.25787457,27.93655633,188
"Landslide","low","Deposit in channel",84.67924095,28.11297466,189
"Landslide","low","Reactivated. Trees in road.",85.35833884,27.92469185,190
"Landslide","low","Cut slope failure",85.98391202,28.12947221,191
"Landslide","low","reactivated",85.25193367,27.4705124,192
"Landslide","low","Deposit in channel",85.30999902,27.49679989,193
"Landslide","low","No description available",85.26126002,27.45781971,194
"Landslide","low","No description available",85.25654278,28.00298823,195
"Landslide","low","reactivated",85.23514743,27.5007308,196
"Landslide","low","Reactivation",85.23545481,27.54156038,197
"Landslide","low","No description available",85.98328524,28.14600998,198
"Landslide","low","Reactivated. Deposit in channel",85.24295254,27.54736903,199
"Landslide","low","Deposit in channel",85.26252641,28.01464076,200
"Landslide","low","Possible reactivated",85.39605639,27.41290826,201
"Landslide","low","Possible reactivation",85.01980401,28.12214464,202
"Landslide","low","No description available",85.97999369,28.14417029,203
"Landslide","low","reactivated",85.25859576,28.01747071,204
"Landslide","low","Possible reactivated",85.26265241,27.97894925,205
"Landslide","low","Reactivation. Deposit in channel",85.36265172,28.15224421,206
"Landslide","low","Reactivation. Deposit in channel",85.36452769,28.15198383,207
"Landslide","low","Deposit in channel",85.37428564,28.15186417,208
"Landslide","low","No description available",85.3813704,28.15380227,209
"Landslide","low","Deposit in channel",85.43418773,28.16818042,210
"Landslide","low","Deposit in channel",85.4492126,28.19462086,211
"Landslide","low","Deposit in channel",85.48359861,28.20930103,212
"Landslide","low","Langtang village",85.50206746,28.21340219,213
"Landslide","low","No description available",85.51631878,28.21394623,214
"Landslide","low","Possible reactivation",85.57515871,28.20152709,215
"Landslide","low","Possible reactivation",85.28423056,28.22591436,216
"Landslide","low","Possible reactivation",85.28433504,28.24027671,217
"Landslide","low","Possible reactivation. Deposite in channel",85.28992351,28.20099372,218
"Landslide","low","Reactivated. Deposit in channel",85.38186901,28.2821528,219
"Landslide","low","No description available",85.35379882,28.21041581,220
"Landslide","low","Reactivated. Deposit in channel",85.39741265,28.29764896,221
"Landslide","low","No description available",85.42447876,28.32931536,222
"Landslide","low","No description available",85.44809706,28.45713618,223
"Landslide","low","No description available",85.43446669,28.31814375,224
"Landslide","low","No description available",85.45948618,28.466351,225
"Landslide","low","Deposit in channel",85.38672642,28.2852553,226
"Landslide","low","Possibly reactivated",85.34147471,28.3276382,227
"Landslide","low","Possible reactivation",85.35802661,28.35353605,228
"Landslide","med","Valley blocking",85.32410786,28.38540545,229
"Landslide","low","Small",85.36127364,28.37870169,230
"Landslide","med","Valley blocking",85.79823554,28.10660211,231
"Landslide","low","Deposit in channel",85.44872311,28.34723911,232
"Landslide","low","Deposit in channel",85.41305832,28.31304335,233
"Landslide","low","May/may not be reactivated",85.40835142,28.30588787,234
"Landslide","low","Possibly reacitvated",85.40222367,28.30158954,235
"Landslide","low","No description available",85.36453012,28.28573862,236
"Landslide","low","Deposit in channel",85.3544578,28.21782141,237
"Landslide","low","Cut slope",85.34195624,28.17367105,238
"Landslide","low","reactivated",85.30501927,28.39770925,239
"Landslide","low","No description available",85.33120402,27.96856813,240
"Landslide","low","reactivated",85.25034858,27.47183141,241
"Landslide","low","reactivated",85.24842088,27.47352654,242
"Landslide","low","reactivated",85.25376613,27.46903258,243
"Landslide","low","Deposit in channel",85.30874186,27.49808139,244
"Landslide","low","Deposit in channel",85.30795407,27.49881211,245
"Landslide","low","reactivated",85.23399539,27.50251892,246
"Landslide","low","Deposit in channel",85.25735499,27.54686433,247
"Landslide","low","No description available",85.9908181,28.0454514,248
"Landslide","low","Deposit in channel. Channelised",85.97576544,27.99765129,249
"Landslide","low","Deposit in channel. Channelised",85.97591626,27.99535968,250
"Landslide","low","Debris Avalanche?",85.95480767,27.97450897,251
"Landslide","low","Debris avlanche?",85.96414334,27.97721623,252
"Landslide","low","Possible reactivation. Deposit in channel.",85.99389995,28.06601775,253
"Nar","low","Small debris slide that appears to have crossed a small stream but likely not providing a significant hazard.",84.185,28.749,254
"Nar","low","Small debris slide adjacent to much larger but pre-seismic fan deposit. Appears to have crossed a small stream but likely not providing a significant hazard.",84.191,28.741,255
"Dhiprang","low","Small landslide above a tributary to Seti R.",84.007,28.45,256
