"DIST_ID","DISTRICT","ZONE","REG_CODE","ZONE_CODE"
1,"Taplejung","Mechi","524 1","1/1/0524"
2,"Panchthar","Mechi","524 1","1/1/0524"
3,"Ilam","Mechi","524 1","1/1/0524"
4,"Jhapa","Mechi","524 1","1/1/0524"
5,"Morang","Koshi","524 1","1/2/0524"
6,"Sunsari","Koshi","524 1","1/2/0524"
7,"Dhankuta","Koshi","524 1","1/2/0524"
8,"Terhathum","Koshi","524 1","1/2/0524"
9,"Sankhuwasabha","Koshi","524 1","1/2/0524"
10,"Bhojpur","Koshi","524 1","1/2/0524"
11,"Solukhumbu","Sagarmatha","524 1","1/3/0524"
13,"Khotang","Sagarmatha","524 1","1/3/0524"
12,"Okhaldhunga","Sagarmatha","524 1","1/3/0524"
14,"Udayapur","Sagarmatha","524 1","1/3/0524"
15,"Saptari","Sagarmatha","524 1","1/3/0524"
16,"Siraha","Sagarmatha","524 1","1/3/0524"
17,"Dhanusha","Janakpur","524 2","2/4/0524"
18,"Mahottari","Janakpur","524 2","2/4/0524"
19,"Sarlahi","Janakpur","524 2","2/4/0524"
20,"Sindhuli","Janakpur","524 2","2/4/0524"
21,"Ramechhap","Janakpur","524 2","2/4/0524"
22,"Dolakha","Janakpur","524 2","2/4/0524"
23,"Sindhupalchowk","Bagmati","524 2","2/5/0524"
24,"Kavrepalanchok","Bagmati","524 2","2/5/0524"
25,"Lalitpur","Bagmati","524 2","2/5/0524"
26,"Bhaktapur","Bagmati","524 2","2/5/0524"
27,"Kathmandu","Bagmati","524 2","2/5/0524"
28,"Nuwakot","Bagmati","524 2","2/5/0524"
29,"Rasuwa","Bagmati","524 2","2/5/0524"
30,"Dhading","Bagmati","524 2","2/5/0524"
31,"Makwanpur","Narayani","524 2","2/6/0524"
32,"Rautahat","Narayani","524 2","2/6/0524"
33,"Bara","Narayani","524 2","2/6/0524"
34,"Parsa","Narayani","524 2","2/6/0524"
35,"Chitawan","Narayani","524 2","2/6/0524"
36,"Gorkha","Gandaki","524 3","3/7/0524"
37,"Lamjung","Gandaki","524 3","3/7/0524"
41,"Manang","Gandaki","524 3","3/7/0524"
40,"Kaski","Gandaki","524 3","3/7/0524"
38,"Tanahu","Gandaki","524 3","3/7/0524"
39,"Syangja","Gandaki","524 3","3/7/0524"
44,"Parbat","Dhawalagiri","524 3","3/8/0524"
45,"Baglung","Dhawalagiri","524 3","3/8/0524"
43,"Myagdi","Dhawalagiri","524 3","3/8/0524"
42,"Mustang","Dhawalagiri","524 3","3/8/0524"
47,"Palpa","Lumbini","524 3","3/9/0524"
48,"Nawalparasi","Lumbini","524 3","3/9/0524"
49,"Rupandehi","Lumbini","524 3","3/9/0524"
50,"Kapilbastu","Lumbini","524 3","3/9/0524"
51,"Arghakhanchi","Lumbini","524 3","3/9/0524"
46,"Gulmi","Lumbini","524 3","3/9/0524"
54,"Rukum","Rapti","524 4","4/10/0524"
55,"Salyan","Rapti","524 4","4/10/0524"
53,"Rolpa","Rapti","524 4","4/10/0524"
52,"Pyuthan","Rapti","524 4","4/10/0524"
56,"Dang","Rapti","524 4","4/10/0524"
57,"Banke","Bheri","524 4","4/11/0524"
58,"Bardiya","Bheri","524 4","4/11/0524"
59,"Surkhet","Bheri","524 4","4/11/0524"
61,"Jajarkot","Bheri","524 4","4/11/0524"
60,"Dailekh","Bheri","524 4","4/11/0524"
62,"Dolpa","Karnali","524 4","4/12/0524"
63,"Jumla","Karnali","524 4","4/12/0524"
64,"Kalikot","Karnali","524 4","4/12/0524"
65,"Mugu","Karnali","524 4","4/12/0524"
66,"Humla","Karnali","524 4","4/12/0524"
68,"Bajhang","Seti","524 5","5/13/0524"
67,"Bajura","Seti","524 5","5/13/0524"
69,"Achham","Seti","524 5","5/13/0524"
70,"Doti","Seti","524 5","5/13/0524"
71,"Kailali","Seti","524 5","5/13/0524"
72,"Kanchanpur","Mahakali","524 5","5/14/0524"
73,"Dadeldhura","Mahakali","524 5","5/14/0524"
74,"Baitadi","Mahakali","524 5","5/14/0524"
75,"Darchula","Mahakali","524 5","5/14/0524"
