"ID","EARTHQUAKE_DATE","PLACE","LATITUDE","LONGITUDE","FATALITIES","MAGNITUDE"
1,06-JUN-05,"Near Saldang, Karnali zone",29.5,83,6000,8.8
2,15-JAN-34,"Nepal/India/Tibet",26.773,86.762,8519,8.4
3,01-AUG-08,"Near Nepal-Tibet",27.9,86,2500,8.2
4,01-JAN-81,"Northern Kosi zone",27.6,87.1,4500,8
5,26-AUG-33,"Kathmandu/Bihar",27.9,85.5,6500,8
6,01-JAN-44,"Mechi",27.5,87.5,100,7.9
7,01-JUL-67,"Northern Bagmati zone",28,85.5,4000,7.9
8,07-JUN-55,"Kathmandu",27.5,85.3,2200,7.8
9,25-APR-15,"Kathmandu/India/Tibet",28.147,84.708,8922,7.8
10,28-AUG-16,"Nepal-Tibet",30,81,3500,7.7
11,12-MAY-15,"Nepal/China/India",27.97,85.96,213,7.3
12,01-JAN-60,"Sagamartha",27.1,86.8,100,7.1
13,18-SEP-11,"Sikkim/India",27.33,86.8,111,7.1
14,20-AUG-88,"Kathmandu/Bihar",26.775,86.616,1091,6.6
15,07-JUL-69,"Kathmandu",27.7,85.3,750,6.5
16,29-JUL-80,"Nepal/Pithoragarh",29.598,81.092,200,6.5
17,27-JUN-66,"Nepal/India border",29.554,80.854,80,6.3
