"ZONE","DISTRICT","PARTNER","COMPLETED","ONGOING","PLANNED","DIST_ID"
"Bagmati","Bhaktapur","DCA",2,0,0,26
"Bagmati","Bhaktapur","GON",3,0,0,26
"Bagmati","Bhaktapur","ISAP",4,0,0,26
"Bagmati","Bhaktapur","NRCS",18,3,6,26
"Bagmati","Dhading","ADRA",74,0,0,30
"Bagmati","Dhading","AMDA-M",232,0,0,30
"Bagmati","Dhading","CA",283,0,0,30
"Bagmati","Dhading","CARE-N",434,1,0,30
"Bagmati","Dhading","DCA",464,1,2,30
"Bagmati","Dhading","GIZ",518,1,2,30
"Bagmati","Dhading","GoN",554,1,2,30
"Bagmati","Dhading","HELVETAS",622,1,2,30
"Bagmati","Dhading","NRCS",626,1,3,30
"Bagmati","Dhading","NSET",626,1419,3,30
"Bagmati","Dhading","OXFAM-GB",680,1451,4,30
"Janakpur","Dolakha","UMN",777,1453,4,22
"Janakpur","Dolakha","BC",0,0,1,22
"Janakpur","Dolakha","CA",124,0,2,22
"Janakpur","Dolakha","CARITAS-N",140,22,2,22
"Janakpur","Dolakha","CW",140,22,5,22
"Janakpur","Dolakha","HELVETAS",259,22,5,22
"Janakpur","Dolakha","IOM",336,22,5,22
"Janakpur","Dolakha","LWF",338,22,5,22
"Janakpur","Dolakha","MC",338,22,41,22
"Janakpur","Dolakha","NRCS",361,22,41,22
"Janakpur","Dolakha","NSET",361,1567,41,22
"Janakpur","Dolakha","PLAN",399,1567,41,22
"Janakpur","Dolakha","REDC",403,1567,41,22
"Janakpur","Dolakha","SCI",489,1577,41,22
"Janakpur","Dolakha","UNDP",514,1577,81,22
"Gandaki","Gorkha","UNHABITAT",519,1577,81,36
"Gandaki","Gorkha","ACN",2,0,0,36
"Gandaki","Gorkha","CA",66,0,5,36
"Gandaki","Gorkha","CARE-N",253,16,15,36
"Gandaki","Gorkha","CRS",334,77,683,36
"Gandaki","Gorkha","CW",348,77,683,36
"Gandaki","Gorkha","DCA",354,77,683,36
"Gandaki","Gorkha","EoI",354,77,1081,36
"Gandaki","Gorkha","HELVETAS",390,77,1084,36
"Gandaki","Gorkha","IOM",474,77,1084,36
"Gandaki","Gorkha","JICA",760,90,1090,36
"Gandaki","Gorkha","LWR",769,92,1090,36
"Gandaki","Gorkha","NDS",769,93,1090,36
"Gandaki","Gorkha","NRCS",795,97,1090,36
"Gandaki","Gorkha","NYF",834,97,1092,36
"Gandaki","Gorkha","OXFAM-GB",940,107,1101,36
"Gandaki","Gorkha","PA",944,107,1101,36
"Gandaki","Gorkha","PAF",944,107,1121,36
"Gandaki","Gorkha","PIN",952,107,1121,36
"Gandaki","Gorkha","ROTARY",952,107,1123,36
"Gandaki","Gorkha","SAHAS",954,107,1124,36
"Gandaki","Gorkha","SCI",1004,109,1128,36
"Gandaki","Gorkha","SP",1008,109,1133,36
"Bagmati","Kathmandu","UNDP",1037,109,1133,27
"Bagmati","Kathmandu","Lumanti",0,28,1,27
"Bagmati","Kathmandu","NRCS",9,39,30,27
"Bagmati","Kathmandu","NSET",10,45,30,27
"","Kavrepalanchok","OXFAM-GB",66,65,30,
"","Kavrepalanchok","ADRA",16,0,0,
"","Kavrepalanchok","ARSOW",50,0,0,
"","Kavrepalanchok","BC",67,0,2,
"","Kavrepalanchok","CARITAS-N",127,58,14,
"","Kavrepalanchok","CDRA",153,58,14,
"","Kavrepalanchok","CL",156,58,14,
"","Kavrepalanchok","GON",171,58,14,
"","Kavrepalanchok","HELVETAS",171,58,572,
"","Kavrepalanchok","HFH",196,68,580,
"","Kavrepalanchok","LWF",230,79,589,
"","Kavrepalanchok","NAVJYOTI",240,79,593,
"","Kavrepalanchok","NCRS",288,79,605,
"","Kavrepalanchok","NN",329,79,606,
"","Kavrepalanchok","NRCS",334,79,606,
"","Kavrepalanchok","NYF",394,79,606,
"","Kavrepalanchok","PIPALTAR",394,80,606,
"","Kavrepalanchok","ROTARY",395,80,607,
"","Kavrepalanchok","SABAL",503,80,607,
"","Kavrepalanchok","SP",503,98,607,
"Bagmati","Lalitpur","UNDP",507,99,607,25
"Bagmati","Lalitpur","DCA",3,0,1,25
"Bagmati","Lalitpur","EWDE-DKH-N",3,1,4,25
"Bagmati","Lalitpur","Lumanti",12,36,4,25
"Bagmati","Lalitpur","NRCS",24,39,10,25
"Bagmati","Lalitpur","NSET",25,39,10,25
"Bagmati","Lalitpur","OXFAM-GB",61,53,10,25
"Bagmati","Lalitpur","SHANGRILA ORP",76,53,10,25
"","Makwanpur","UNDP",76,53,11,
"","Makwanpur","Americares",2,0,11,
"","Makwanpur","BC",2,19,11,
"","Makwanpur","BLF",5,19,14,
"","Makwanpur","CS",81,19,16,
"","Makwanpur","HELVETAS",81,19,619,
"","Makwanpur","ICCO",95,19,626,
"","Makwanpur","Lumanti",95,29,635,
"","Makwanpur","NRCS",104,29,636,
"","Makwanpur","PLAN",417,37,656,
"Bagmati","Nuwakot","TEARFUND",650,140,656,28
"Bagmati","Nuwakot","ACF",62,0,0,28
"Bagmati","Nuwakot","BC",64,0,0,28
"Bagmati","Nuwakot","EoI",64,0,400,28
"Bagmati","Nuwakot","GIZ",130,0,400,28
"Bagmati","Nuwakot","HFH",145,5,459,28
"Bagmati","Nuwakot","Islamic Relief",145,6,463,28
"Bagmati","Nuwakot","MI",145,6,466,28
"Bagmati","Nuwakot","NRCS",158,6,467,28
"Bagmati","Nuwakot","NSET",158,1068,467,28
"Bagmati","Nuwakot","OXFAM-GB",212,1085,475,28
"Bagmati","Nuwakot","SCI",335,1120,476,28
"Bagmati","Nuwakot","WR",353,1138,485,28
"Sagarmatha","Okhaldhunga","WVIN",404,1138,485,12
"Sagarmatha","Okhaldhunga","ACTED",68,0,0,12
"Sagarmatha","Okhaldhunga","GON",86,0,1,12
"Sagarmatha","Okhaldhunga","HELVETAS",250,57,142,12
"Sagarmatha","Okhaldhunga","KFS",251,57,142,12
"Sagarmatha","Okhaldhunga","MEDAIR",287,57,142,12
"Sagarmatha","Okhaldhunga","NRCS",294,57,142,12
"Sagarmatha","Okhaldhunga","UMN",345,57,142,12
"Janakpur","Ramechhap","USAID-SABAL",361,57,142,21
"Janakpur","Ramechhap","ACTED",35,0,0,21
"Janakpur","Ramechhap","GOAL",62,0,0,21
"Janakpur","Ramechhap","HCI",65,0,0,21
"Janakpur","Ramechhap","HELVETAS",230,18,0,21
"Janakpur","Ramechhap","HI",239,18,0,21
"Janakpur","Ramechhap","IOM",247,18,0,21
"Janakpur","Ramechhap","KFS",283,18,2,21
"Janakpur","Ramechhap","MCC",283,18,6,21
"Janakpur","Ramechhap","MEDAIR",342,26,6,21
"Janakpur","Ramechhap","NRCS",354,26,13,21
"Janakpur","Ramechhap","RRN",403,26,13,21
"Janakpur","Ramechhap","SABAL",474,26,13,21
"Bagmati","Rasuwa","tdh-GER",479,26,13,29
"Bagmati","Rasuwa","ACF",42,25,0,29
"Bagmati","Rasuwa","DEPROCS",42,31,0,29
"Bagmati","Rasuwa","GIZ",95,31,0,29
"Bagmati","Rasuwa","GOAL",225,31,0,29
"Bagmati","Rasuwa","HELVETAS",251,63,18,29
"Bagmati","Rasuwa","KF",258,63,18,29
"Bagmati","Rasuwa","LDF",258,66,18,29
"Bagmati","Rasuwa","LWF",282,72,19,29
"Bagmati","Rasuwa","Lumanti",318,88,19,29
"Bagmati","Rasuwa","NAF",318,91,19,29
"Bagmati","Rasuwa","NRCS",336,91,19,29
"Bagmati","Rasuwa","OM-N",336,92,23,29
"Bagmati","Rasuwa","PPY",336,94,23,29
"Bagmati","Rasuwa","SAHAS",344,94,23,29
"Janakpur","Sindhuli","SP",349,94,24,20
"Janakpur","Sindhuli","CW",0,0,2,20
"Janakpur","Sindhuli","HELVETAS",0,0,578,20
"Janakpur","Sindhuli","NRCS",20,0,580,20
"Bagmati","Sindhupalchok","SwissContact",40,40,655,23
"Bagmati","Sindhupalchok","ARSOW",0,2,9,23
"Bagmati","Sindhupalchok","ARSOW-ASF",0,4,10,23
"Bagmati","Sindhupalchok","BC",12,9,19,23
"Bagmati","Sindhupalchok","CA",48,9,19,23
"Bagmati","Sindhupalchok","CARE-N",206,128,20,23
"Bagmati","Sindhupalchok","CARITAS-N",229,189,22,23
"Bagmati","Sindhupalchok","HELP",236,192,24,23
"Bagmati","Sindhupalchok","HELVETAS",277,216,24,23
"Bagmati","Sindhupalchok","Help",278,216,24,23
"Bagmati","Sindhupalchok","INCLUSIVE",279,216,24,23
"Bagmati","Sindhupalchok","IOM",381,216,24,23
"Bagmati","Sindhupalchok","Islamic Relief",387,216,24,23
"Bagmati","Sindhupalchok","JICA",1275,353,35,23
"Bagmati","Sindhupalchok","LWF",1299,358,35,23
"Bagmati","Sindhupalchok","MC",1345,361,48,23
"Bagmati","Sindhupalchok","MEDAIR",1350,361,51,23
"Bagmati","Sindhupalchok","NRCS",1388,361,53,23
"Bagmati","Sindhupalchok","OXFAM-GB",1488,367,73,23
"Bagmati","Sindhupalchok","PLAN",1502,367,73,23
"Bagmati","Sindhupalchok","PWJ",1565,369,79,23
"Bagmati","Sindhupalchok","ROTARY",1566,369,83,23
"Bagmati","Sindhupalchok","SABAL",1577,383,86,23
"Bagmati","Sindhupalchok","SCI",1740,426,87,23
"Bagmati","Sindhupalchok","UNDP",1844,428,129,23
"Bagmati","Sindhupalchok","WOREC-N",1844,428,130,23
